{"count":1,"self":95.7057344,"total":1267.8324788999998,"children":{"InitializeActuators":{"count":18,"self":0.0015148,"total":0.0015148,"children":null},"InitializeSensors":{"count":18,"self":0.002508,"total":0.002508,"children":null},"AgentSendState":{"count":275517,"self":57.531743999999996,"total":68.6209073,"children":{"CollectObservations":{"count":991872,"self":1.4353901,"total":1.4353901,"children":null},"WriteActionMask":{"count":991872,"self":0.46756149999999996,"total":0.46756149999999996,"children":null},"RequestDecision":{"count":991872,"self":1.6532514999999999,"total":9.1862132,"children":{"AgentInfo.ToProto":{"count":991872,"self":1.3400657,"total":7.5329616999999995,"children":{"GenerateSensorData":{"count":991872,"self":4.7207251999999995,"total":6.1928959999999993,"children":{"RayPerceptionSensor.Perceive":{"count":991872,"self":1.4721707,"total":1.4721707,"children":null}}}}}}}}},"DecideAction":{"count":275517,"self":1093.167616,"total":1093.1675721,"children":null},"AgentAct":{"count":275517,"self":10.295302399999999,"total":10.309685499999999,"children":{"AgentInfo.ToProto":{"count":824,"self":0.0039816999999999995,"total":0.0143833,"children":{"GenerateSensorData":{"count":824,"self":0.0062851,"total":0.010401599999999999,"children":{"RayPerceptionSensor.Perceive":{"count":824,"self":0.0041164999999999995,"total":0.0041164999999999995,"children":null}}}}}}},"AgentInfo.ToProto":{"count":1809,"self":0.0081379,"total":0.023138099999999998,"children":{"GenerateSensorData":{"count":1809,"self":0.0129784,"total":0.0150002,"children":{"RayPerceptionSensor.Perceive":{"count":1809,"self":0.0020218,"total":0.0020218,"children":null}}}}}},"gauges":{"BatBrain.CumulativeReward":{"count":2633,"max":6.370151,"min":-125.543427,"runningAverage":-1.30992031,"value":1.007,"weightedAverage":-0.0317893624}},"metadata":{"timer_format_version":"0.1.0","start_time_seconds":"1770380463","unity_version":"6000.3.4f1","command_line_arguments":"C:\\Program Files\\Unity 6000.3.4f1\\Editor\\Unity.exe -projectpath C:\\Users\\fidge\\Unity-games\\ChronoQuest1 -acceptSoftwareTermsForThisRunOnly -force-d3d11 -useHub -hubIPC -cloudEnvironment production","communication_protocol_version":"1.5.0","com.unity.ml-agents_version":"4.0.1","scene_name":"BatPlayground","end_time_seconds":"1770381730"}}