{"count":1,"self":42.9235648,"total":43.254347599999996,"children":{"InitializeActuators":{"count":2,"self":0.0016767,"total":0.0016767,"children":null},"InitializeSensors":{"count":2,"self":0.0022042999999999997,"total":0.0022042999999999997,"children":null},"AgentSendState":{"count":1884,"self":0.15886519999999998,"total":0.1719471,"children":{"CollectObservations":{"count":754,"self":0.0030283999999999997,"total":0.0030283999999999997,"children":null},"WriteActionMask":{"count":754,"self":0.00050369999999999994,"total":0.00050369999999999994,"children":null},"RequestDecision":{"count":754,"self":0.0095497999999999989,"total":0.0095497999999999989,"children":null}}},"DecideAction":{"count":1884,"self":0.122501,"total":0.12400409999999999,"children":{"RayPerceptionSensor.Perceive":{"count":754,"self":0.0015030999999999998,"total":0.0015030999999999998,"children":null}}},"AgentAct":{"count":1884,"self":0.0309497,"total":0.0309497,"children":null}},"gauges":{},"metadata":{"timer_format_version":"0.1.0","start_time_seconds":"1770300073","unity_version":"6000.3.4f1","command_line_arguments":"C:\\Program Files\\Unity 6000.3.4f1\\Editor\\Unity.exe -projectpath C:\\Users\\fidge\\Unity-games\\ChronoQuest1 -acceptSoftwareTermsForThisRunOnly -force-d3d11 -useHub -hubIPC -cloudEnvironment production","communication_protocol_version":"1.5.0","com.unity.ml-agents_version":"4.0.1","scene_name":"GameScene","end_time_seconds":"1770300117"}}