{"count":1,"self":65.6934528,"total":66.6370301,"children":{"InitializeActuators":{"count":2,"self":0.00099899999999999989,"total":0.00099899999999999989,"children":null},"InitializeSensors":{"count":2,"self":0.0026154999999999998,"total":0.0026154999999999998,"children":null},"AgentSendState":{"count":2367,"self":0.5724604,"total":0.5921016,"children":{"CollectObservations":{"count":948,"self":0.0031295999999999997,"total":0.0031295999999999997,"children":null},"WriteActionMask":{"count":948,"self":0.0036420999999999997,"total":0.0036420999999999997,"children":null},"RequestDecision":{"count":948,"self":0.012869499999999999,"total":0.012869499999999999,"children":null}}},"DecideAction":{"count":2367,"self":0.2948323,"total":0.3177543,"children":{"RayPerceptionSensor.Perceive":{"count":948,"self":0.022921999999999998,"total":0.022921999999999998,"children":null}}},"AgentAct":{"count":2367,"self":0.030109999999999998,"total":0.030109999999999998,"children":null}},"gauges":{},"metadata":{"timer_format_version":"0.1.0","start_time_seconds":"1770995061","unity_version":"6000.3.4f1","command_line_arguments":"C:\\Program Files\\Unity 6000.3.4f1\\Editor\\Unity.exe -projectpath C:\\Users\\fidge\\Unity-games\\ChronoQuest1 -acceptSoftwareTermsForThisRunOnly -force-d3d11 -useHub -hubIPC -cloudEnvironment production","communication_protocol_version":"1.5.0","com.unity.ml-agents_version":"4.0.1","scene_name":"GameScene","end_time_seconds":"1770995127"}}